{"train/examples/truelabel-0": 1, "train/examples/truelabel-1": 0, "train/examples/truelabel-2": 1, "train/examples/truelabel-3": 0, "train/examples/orig_truelabel_probs-0": 0.7061670422554016, "train/examples/orig_truelabel_probs-1": 0.8926481008529663, "train/examples/orig_truelabel_probs-2": 0.846490204334259, "train/examples/orig_truelabel_probs-3": 0.8380633592605591, "train/examples/pp_truelabel_probs-0": 0.828522801399231, "train/examples/pp_truelabel_probs-1": 0.924235999584198, "train/examples/pp_truelabel_probs-2": 0.9103139042854309, "train/examples/pp_truelabel_probs-3": 0.9180551767349243, "train/examples/vm_score-0": -0.12235575914382935, "train/examples/vm_score-1": -0.03158789873123169, "train/examples/vm_score-2": -0.06382369995117188, "train/examples/vm_score-3": -0.07999181747436523, "train/examples/reward-0": 0.37764424085617065, "train/examples/reward-1": 0.4789414008458455, "train/examples/reward-2": 0.4361763000488281, "train/examples/reward-3": 0.45200490951538086, "train/examples/pp_logp-0": -0.3896404802799225, "train/examples/pp_logp-1": -0.2860131859779358, "train/examples/pp_logp-2": -0.37113964557647705, "train/examples/pp_logp-3": -0.25532644987106323, "train/examples/loss-0": 0.14714548338214506, "train/examples/loss-1": 0.1369835559526559, "train/examples/loss-2": 0.16188231740898118, "train/examples/loss-3": 0.11540880887085336, "train/loss_batch": 0.14035504140365887, "train/reward_avg": 0.4361917128165563, "train/vm_score_avg": -0.07443979382514954, "train/rouge_score_avg": 0.8166666666666667, "train/pp_logp_avg": -0.32552994042634964, "epoch": 40, "_runtime": 103, "_timestamp": 1635482547, "_step": 9, "test/examples/truelabel-0": 1, "test/examples/truelabel-1": 0, "test/examples/truelabel-2": 1, "test/examples/truelabel-3": 0, "test/examples/orig_truelabel_probs-0": 0.5648660659790039, "test/examples/orig_truelabel_probs-1": 0.8794540166854858, "test/examples/orig_truelabel_probs-2": 0.9026070833206177, "test/examples/orig_truelabel_probs-3": 0.8513303399085999, "test/examples/pp_truelabel_probs-0": 0.717802882194519, "test/examples/pp_truelabel_probs-1": 0.9232655763626099, "test/examples/pp_truelabel_probs-2": 0.9319706559181213, "test/examples/pp_truelabel_probs-3": 0.9217783808708191, "test/examples/vm_score-0": -0.15293681621551514, "test/examples/vm_score-1": -0.04381155967712402, "test/examples/vm_score-2": -0.029363572597503662, "test/examples/vm_score-3": -0.07044804096221924, "test/examples/reward-0": 0.34706318378448486, "test/examples/reward-1": 0.470792293548584, "test/examples/reward-2": 0.47063642740249634, "test/examples/reward-3": 0.45773117542266845, "test/examples/pp_logp-0": -0.6264550685882568, "test/examples/pp_logp-1": -0.29064977169036865, "test/examples/pp_logp-2": -1.3195377588272095, "test/examples/pp_logp-3": -0.3524232506752014, "test/examples/loss-0": 0.21741949060216825, "test/examples/loss-1": 0.13683567263348095, "test/examples/loss-2": 0.6210225366371347, "test/examples/loss-3": 0.16131510877783767, "test/loss_batch": 0.2841482021626554, "test/reward_avg": 0.4365557700395584, "test/vm_score_avg": -0.07413999736309052, "test/rouge_score_avg": 0.8166666666666667, "test/pp_logp_avg": -0.6472664624452591, "_wandb": {"runtime": 109}}