{"train_orig": {"_type": "table-file", "path": "media/table/train_orig_0_d031629706fa43a7f006.table.json", "sha256": "d031629706fa43a7f00631e73abdbc5f6bb6e26cba4c3f3e85cd775f943f8ab7", "size": 192, "artifact_path": "wandb-client-artifact://18z283bmofjk8llyktzi8q3rrmz0t7ooq1rx4dhox29j7bxv2gkk6q2183n4igaghtx4dnx6uspz8vp42vjcl4glw48mnp0i1zz2miohuo5akgb7hiiylslpmiiy58ug:latest/train_orig.table.json", "_latest_artifact_path": "wandb-client-artifact://18z283bmofjk8llyktzi8q3rrmz0t7ooq1rx4dhox29j7bxv2gkk6q2183n4igaghtx4dnx6uspz8vp42vjcl4glw48mnp0i1zz2miohuo5akgb7hiiylslpmiiy58ug:latest/train_orig.table.json", "ncols": 5, "nrows": 20}, "_runtime": 1408, "_timestamp": 1635390204, "_step": 119, "train_pp": {"_type": "table-file", "path": "media/table/train_pp_1_106602c3842f0f64f22a.table.json", "sha256": "106602c3842f0f64f22a696bfc776a337469178bc6bcd5697fbb923f6808586a", "size": 188, "artifact_path": "wandb-client-artifact://74pq62yc0i42ddc3di76gqcjj8yyqydjkiltx332ct5brw1xvxi3tpgdvga13c6brvu8rupu4gmezps0272eybnqchx5gw3tppgo27t5788bhjfg6gb3a7bp5do1ix2s:latest/train_pp.table.json", "_latest_artifact_path": "wandb-client-artifact://74pq62yc0i42ddc3di76gqcjj8yyqydjkiltx332ct5brw1xvxi3tpgdvga13c6brvu8rupu4gmezps0272eybnqchx5gw3tppgo27t5788bhjfg6gb3a7bp5do1ix2s:latest/train_pp.table.json", "ncols": 5, "nrows": 20}, "train/examples/truelabel-0": 1, "train/examples/truelabel-1": 0, "train/examples/truelabel-2": 1, "train/examples/truelabel-3": 0, "train/examples/orig_truelabel_probs-0": 0.7061670422554016, "train/examples/orig_truelabel_probs-1": 0.8926482200622559, "train/examples/orig_truelabel_probs-2": 0.8464903235435486, "train/examples/orig_truelabel_probs-3": 0.8380634784698486, "train/examples/pp_truelabel_probs-0": 0.8285229206085205, "train/examples/pp_truelabel_probs-1": 0.924235999584198, "train/examples/pp_truelabel_probs-2": 0.9103139042854309, "train/examples/pp_truelabel_probs-3": 0.9180551767349243, "train/examples/vm_score-0": -0.1223558783531189, "train/examples/vm_score-1": -0.03158777952194214, "train/examples/vm_score-2": -0.06382358074188232, "train/examples/vm_score-3": -0.07999169826507568, "train/examples/reward-0": 0.3776441216468811, "train/examples/reward-1": 0.47894148031870526, "train/examples/reward-2": 0.4361764192581177, "train/examples/reward-3": 0.4520049810409546, "train/examples/pp_logp-0": -0.0005186316557228565, "train/examples/pp_logp-1": -0.0003686918644234538, "train/examples/pp_logp-2": -0.0006602237117476761, "train/examples/pp_logp-3": -0.0006230364670045674, "train/examples/loss-0": 0.0001958581960837258, "train/examples/loss-1": 0.00017658182732843236, "train/examples/loss-2": 0.000287974014499405, "train/examples/loss-3": 0.0002816155864562228, "train/loss_batch": 0.0002355074060919465, "train/reward_avg": 0.43619175056616466, "train/vm_score_avg": -0.07443973422050476, "train/rouge_score_avg": 0.8166666666666667, "train/pp_logp_avg": -0.0005426459247246385, "epoch": 950, "test_orig": {"_type": "table-file", "path": "media/table/test_orig_3_0f486ebcd3cb7f7663f2.table.json", "sha256": "0f486ebcd3cb7f7663f290a955c587738551b939e9d6dd8e7195df71a1b73634", "size": 188, "artifact_path": "wandb-client-artifact://mpeuwso3kztc5bgj1zpbznv8uynr4v6m89krliezx95naveu8ddcp3f1ru22gez1084ujd1ge3wi8bni2mc7udhbf84gl6o0ly56lmzs3pp1zqx4xr8sgkizswgmyplf:latest/test_orig.table.json", "_latest_artifact_path": "wandb-client-artifact://mpeuwso3kztc5bgj1zpbznv8uynr4v6m89krliezx95naveu8ddcp3f1ru22gez1084ujd1ge3wi8bni2mc7udhbf84gl6o0ly56lmzs3pp1zqx4xr8sgkizswgmyplf:latest/test_orig.table.json", "ncols": 5, "nrows": 20}, "test_pp": {"_type": "table-file", "path": "media/table/test_pp_4_6614ac1a31dda4cb1651.table.json", "sha256": "6614ac1a31dda4cb1651dbaefd160d026aed8b2b8003dd97c7f6b05a10d708a4", "size": 198, "artifact_path": "wandb-client-artifact://sbt355c02l6o5g0k63gf338agb9mdht01l7qf7kzjf6b4ck67rigc2pgx13keo3vvthy916xpjro8ayxgc8olm02v63zr73totdtfz748jmctb0peekgb3l3w85btipx:latest/test_pp.table.json", "_latest_artifact_path": "wandb-client-artifact://sbt355c02l6o5g0k63gf338agb9mdht01l7qf7kzjf6b4ck67rigc2pgx13keo3vvthy916xpjro8ayxgc8olm02v63zr73totdtfz748jmctb0peekgb3l3w85btipx:latest/test_pp.table.json", "ncols": 5, "nrows": 20}, "test/examples/truelabel-0": 1, "test/examples/truelabel-1": 0, "test/examples/truelabel-2": 1, "test/examples/truelabel-3": 0, "test/examples/orig_truelabel_probs-0": 0.5648660063743591, "test/examples/orig_truelabel_probs-1": 0.8794540166854858, "test/examples/orig_truelabel_probs-2": 0.9026070833206177, "test/examples/orig_truelabel_probs-3": 0.8513302206993103, "test/examples/pp_truelabel_probs-0": 0.717802882194519, "test/examples/pp_truelabel_probs-1": 0.9232655763626099, "test/examples/pp_truelabel_probs-2": 0.9319706559181213, "test/examples/pp_truelabel_probs-3": 0.9217783808708191, "test/examples/vm_score-0": -0.1529368758201599, "test/examples/vm_score-1": -0.04381155967712402, "test/examples/vm_score-2": -0.029363572597503662, "test/examples/vm_score-3": -0.07044816017150879, "test/examples/reward-0": 0.3470631241798401, "test/examples/reward-1": 0.470792293548584, "test/examples/reward-2": 0.47063642740249634, "test/examples/reward-3": 0.4577311038970947, "test/examples/pp_logp-0": -0.0014474696945399046, "test/examples/pp_logp-1": -0.0006337961531244218, "test/examples/pp_logp-2": -0.07445300370454788, "test/examples/pp_logp-3": -0.01514426339417696, "test/examples/loss-0": 0.0005023633543426581, "test/examples/loss-1": 0.0002983863445717161, "test/examples/loss-2": 0.03504029567289324, "test/examples/loss-3": 0.006932000401124982, "test/loss_batch": 0.010693261443233149, "test/reward_avg": 0.4365557372570038, "test/vm_score_avg": -0.0741400420665741, "test/rouge_score_avg": 0.8166666666666667, "test/pp_logp_avg": -0.022919633236597292}