{"train_table": {"_type": "table-file", "path": "media/table/train_table_0_987f32c99c7bd7785d84.table.json", "sha256": "987f32c99c7bd7785d84023e72209cad566dc912815c728dab61e7caa7dd1371", "size": 127, "artifact_path": "wandb-client-artifact://vdmk2sg6n36ditmyrtpyc71cnjrisrfhxzex6q57r2pyc2pshwkp1db7pal8v6a8nln7dcsgka2xv05mmlq2nezyz7tinmevi82tux0fs2ik4a844zlbh6gmwlo3nv94:latest/train_table.table.json", "_latest_artifact_path": "wandb-client-artifact://vdmk2sg6n36ditmyrtpyc71cnjrisrfhxzex6q57r2pyc2pshwkp1db7pal8v6a8nln7dcsgka2xv05mmlq2nezyz7tinmevi82tux0fs2ik4a844zlbh6gmwlo3nv94:latest/train_table.table.json", "ncols": 7, "nrows": 16}, "test_table": {"_type": "table-file", "path": "media/table/test_table_0_987f32c99c7bd7785d84.table.json", "sha256": "987f32c99c7bd7785d84023e72209cad566dc912815c728dab61e7caa7dd1371", "size": 127, "artifact_path": "wandb-client-artifact://9lspduhgtqp5tgxfxqlxwvizehurwkceeynu8onvrv1o9a3ucl1onak6ac2jxlpfc3prc4bj8fr6r8xvallz4w3i3sv5icsi1grdw535pjwso4euu422stfbolq9p39s:latest/test_table.table.json", "_latest_artifact_path": "wandb-client-artifact://9lspduhgtqp5tgxfxqlxwvizehurwkceeynu8onvrv1o9a3ucl1onak6ac2jxlpfc3prc4bj8fr6r8xvallz4w3i3sv5icsi1grdw535pjwso4euu422stfbolq9p39s:latest/test_table.table.json", "ncols": 7, "nrows": 16}, "_runtime": 822, "_timestamp": 1635481540, "_step": 10, "train/examples/truelabel-0": 1, "train/examples/truelabel-1": 0, "train/examples/truelabel-2": 1, "train/examples/truelabel-3": 0, "train/examples/orig_truelabel_probs-0": 0.7061670422554016, "train/examples/orig_truelabel_probs-1": 0.8926481008529663, "train/examples/orig_truelabel_probs-2": 0.846490204334259, "train/examples/orig_truelabel_probs-3": 0.8380633592605591, "train/examples/pp_truelabel_probs-0": 0.828522801399231, "train/examples/pp_truelabel_probs-1": 0.924235999584198, "train/examples/pp_truelabel_probs-2": 0.9103139042854309, "train/examples/pp_truelabel_probs-3": 0.9180551767349243, "train/examples/vm_score-0": -0.12235575914382935, "train/examples/vm_score-1": -0.03158789873123169, "train/examples/vm_score-2": -0.06382369995117188, "train/examples/vm_score-3": -0.07999181747436523, "train/examples/reward-0": 0.37764424085617065, "train/examples/reward-1": 0.4789414008458455, "train/examples/reward-2": 0.4361763000488281, "train/examples/reward-3": 0.45200490951538086, "train/examples/pp_logp-0": -0.026797141879796982, "train/examples/pp_logp-1": -0.025072742253541946, "train/examples/pp_logp-2": -0.023677263408899307, "train/examples/pp_logp-3": -0.01993411034345627, "train/examples/loss-0": 0.010119786302311029, "train/examples/loss-1": 0.012008374297958202, "train/examples/loss-2": 0.010327461148975203, "train/examples/loss-3": 0.009010315742063568, "train/loss_batch": 0.010366484372827, "train/reward_avg": 0.4361917128165563, "train/vm_score_avg": -0.07443979382514954, "train/rouge_score_avg": 0.8166666666666667, "train/pp_logp_avg": -0.023870314471423626, "epoch": 150, "test/examples/truelabel-0": 1, "test/examples/truelabel-1": 0, "test/examples/truelabel-2": 1, "test/examples/truelabel-3": 0, "test/examples/orig_truelabel_probs-0": 0.5648660659790039, "test/examples/orig_truelabel_probs-1": 0.8794540166854858, "test/examples/orig_truelabel_probs-2": 0.9026070833206177, "test/examples/orig_truelabel_probs-3": 0.8513303399085999, "test/examples/pp_truelabel_probs-0": 0.717802882194519, "test/examples/pp_truelabel_probs-1": 0.9232655763626099, "test/examples/pp_truelabel_probs-2": 0.9319706559181213, "test/examples/pp_truelabel_probs-3": 0.9217783808708191, "test/examples/vm_score-0": -0.15293681621551514, "test/examples/vm_score-1": -0.04381155967712402, "test/examples/vm_score-2": -0.029363572597503662, "test/examples/vm_score-3": -0.07044804096221924, "test/examples/reward-0": 0.34706318378448486, "test/examples/reward-1": 0.470792293548584, "test/examples/reward-2": 0.47063642740249634, "test/examples/reward-3": 0.45773117542266845, "test/examples/pp_logp-0": -0.07431261241436005, "test/examples/pp_logp-1": -0.02590116858482361, "test/examples/pp_logp-2": -0.23045450448989868, "test/examples/pp_logp-3": -0.055334191769361496, "test/examples/loss-0": 0.025791171859870232, "test/examples/loss-1": 0.012194070563637638, "test/examples/loss-2": 0.10846028467193847, "test/examples/loss-3": 0.025328184639653185, "test/loss_batch": 0.04294342793377488, "test/reward_avg": 0.4365557700395584, "test/vm_score_avg": -0.07413999736309052, "test/rouge_score_avg": 0.8166666666666667, "test/pp_logp_avg": -0.09650061931461096, "_wandb": {"runtime": 223}}