{"losses/loss-0": 0.3776441216468811, "losses/loss-1": 0.47894148031870526, "losses/loss-2": 0.4361764192581177, "losses/loss-3": 0.4826747311486138, "_runtime": 5856, "_timestamp": 1635388071, "_step": 8, "train_orig": {"_type": "table-file", "path": "media/table/train_orig_6_37bd2c4833217f8e3ce6.table.json", "sha256": "37bd2c4833217f8e3ce6e7420a1bdd04801f3a54b78f903022b957df0e5b227b", "size": 192, "artifact_path": "wandb-client-artifact://yfbxww14kr4cvbffvxncpjhuk3wih1rhq2aplghpfwpv30czkwdlkamllbtffbrdkwm4a77z9gy2iufjgfzbq33nmhsnt4ffznt7m784ywhcolx43cd9y4ww3j0nqhu7:latest/train_orig.table.json", "_latest_artifact_path": "wandb-client-artifact://yfbxww14kr4cvbffvxncpjhuk3wih1rhq2aplghpfwpv30czkwdlkamllbtffbrdkwm4a77z9gy2iufjgfzbq33nmhsnt4ffznt7m784ywhcolx43cd9y4ww3j0nqhu7:latest/train_orig.table.json", "ncols": 5, "nrows": 1}, "train_pp": {"_type": "table-file", "path": "media/table/train_pp_7_7a9a880c885d0b60abd2.table.json", "sha256": "7a9a880c885d0b60abd22a9607bd90edfa58c7b29d4a842b25bb31448db52f5e", "size": 193, "artifact_path": "wandb-client-artifact://lvy1ofi92qxvtn04a9jzviy2zy9yawnn04rpdeo3sclvzp3ncvo3av83ck7c04b8g464n3tkjqhzmewzhclkndc2w8kggvk07weqav2za008okmx2v5vflqlrp370p64:latest/train_pp.table.json", "_latest_artifact_path": "wandb-client-artifact://lvy1ofi92qxvtn04a9jzviy2zy9yawnn04rpdeo3sclvzp3ncvo3av83ck7c04b8g464n3tkjqhzmewzhclkndc2w8kggvk07weqav2za008okmx2v5vflqlrp370p64:latest/train_pp.table.json", "ncols": 5, "nrows": 1}, "train/truelabel-0": 1, "train/truelabel-1": 0, "train/truelabel-2": 1, "train/truelabel-3": 0, "train/orig_truelabel_probs-0": 0.7061670422554016, "train/orig_truelabel_probs-1": 0.8926482200622559, "train/orig_truelabel_probs-2": 0.8464903235435486, "train/orig_truelabel_probs-3": 0.8380634784698486, "train/pp_truelabel_probs-0": 0.8285229206085205, "train/pp_truelabel_probs-1": 0.924235999584198, "train/pp_truelabel_probs-2": 0.9103139042854309, "train/pp_truelabel_probs-3": 0.9180551767349243, "train/vm_score-0": -0.1223558783531189, "train/vm_score-1": -0.03158777952194214, "train/vm_score-2": -0.06382358074188232, "train/vm_score-3": -0.07999169826507568, "train/reward-0": 0.3776441216468811, "train/reward-1": 0.47894148031870526, "train/reward-2": 0.4361764192581177, "train/reward-3": 0.4520049810409546, "train/pp_logp-0": -1.0826607942581177, "train/pp_logp-1": -0.7380613684654236, "train/pp_logp-2": -1.7802079916000366, "train/pp_logp-3": -1.2564003467559814, "train/loss-0": 0.4088604846891215, "train/loss-1": 0.35348820437887934, "train/loss-2": 0.7764847473107892, "train/loss-3": 0.5678992149152862, "loss_batch": 0.5266831628235191, "reward_avg": 0.43619175056616466, "vm_score_avg": -0.07443973422050476, "rouge_score_avg": 0.8166666666666667, "pp_logp_avg": -1.2143326252698898, "epoch": 7, "train/examples/truelabel-0": 1, "train/examples/truelabel-1": 0, "train/examples/truelabel-2": 1, "train/examples/truelabel-3": 0, "train/examples/orig_truelabel_probs-0": 0.7061670422554016, "train/examples/orig_truelabel_probs-1": 0.8926482200622559, "train/examples/orig_truelabel_probs-2": 0.8464903235435486, "train/examples/orig_truelabel_probs-3": 0.8380634784698486, "train/examples/pp_truelabel_probs-0": 0.8285229206085205, "train/examples/pp_truelabel_probs-1": 0.924235999584198, "train/examples/pp_truelabel_probs-2": 0.9103139042854309, "train/examples/pp_truelabel_probs-3": 0.9180551767349243, "train/examples/vm_score-0": -0.1223558783531189, "train/examples/vm_score-1": -0.03158777952194214, "train/examples/vm_score-2": -0.06382358074188232, "train/examples/vm_score-3": -0.07999169826507568, "train/examples/reward-0": 0.3776441216468811, "train/examples/reward-1": 0.47894148031870526, "train/examples/reward-2": 0.4361764192581177, "train/examples/reward-3": 0.4520049810409546, "train/examples/pp_logp-0": -1.0826607942581177, "train/examples/pp_logp-1": -0.7380613684654236, "train/examples/pp_logp-2": -1.7802079916000366, "train/examples/pp_logp-3": -1.2564003467559814, "train/examples/loss-0": 0.4088604846891215, "train/examples/loss-1": 0.35348820437887934, "train/examples/loss-2": 0.7764847473107892, "train/examples/loss-3": 0.5678992149152862, "train/loss_batch": 0.5266831628235191, "train/reward_avg": 0.43619175056616466, "train/vm_score_avg": -0.07443973422050476, "train/rouge_score_avg": 0.8166666666666667, "train/pp_logp_avg": -1.2143326252698898, "_wandb": {"runtime": 72}}