{"train_orig": {"_type": "table-file", "path": "media/table/train_orig_6_97ad5f620264bd153680.table.json", "sha256": "97ad5f620264bd15368068efab1e629e6da96145086a69e79d60eeebf67a923e", "size": 193, "artifact_path": "wandb-client-artifact://xfpufmh9wehypulxqmemox18clcgqzcxwo5fpffr4hsy96colp6sgq4sg4xpd0i0gzmc337z369eje9runxlu0dbzu5jhkdjyx70d964hju0km6wck5rbwesh0ww7ywf:latest/train_orig.table.json", "_latest_artifact_path": "wandb-client-artifact://xfpufmh9wehypulxqmemox18clcgqzcxwo5fpffr4hsy96colp6sgq4sg4xpd0i0gzmc337z369eje9runxlu0dbzu5jhkdjyx70d964hju0km6wck5rbwesh0ww7ywf:latest/train_orig.table.json", "ncols": 5, "nrows": 1}, "_runtime": 127, "_timestamp": 1635388545, "_step": 11, "train_pp": {"_type": "table-file", "path": "media/table/train_pp_7_3515d9135130c6d7b020.table.json", "sha256": "3515d9135130c6d7b020a30e3d6ad1f7d4a2dfe221b9beb09125004e7599b711", "size": 194, "artifact_path": "wandb-client-artifact://rt0m4ti6urmvuhavl3tf58bakmspwxddtjkfnr2b554sv0owu0lw8ut8j2qb5i1fhrm66sllsq5qfj5fhbhdw5coa5ypat208w7n0lpjejiq47extfa4uof8bnnm2tle:latest/train_pp.table.json", "_latest_artifact_path": "wandb-client-artifact://rt0m4ti6urmvuhavl3tf58bakmspwxddtjkfnr2b554sv0owu0lw8ut8j2qb5i1fhrm66sllsq5qfj5fhbhdw5coa5ypat208w7n0lpjejiq47extfa4uof8bnnm2tle:latest/train_pp.table.json", "ncols": 5, "nrows": 1}, "train/examples/truelabel-0": 1, "train/examples/truelabel-1": 0, "train/examples/truelabel-2": 1, "train/examples/truelabel-3": 0, "train/examples/orig_truelabel_probs-0": 0.7061670422554016, "train/examples/orig_truelabel_probs-1": 0.8926482200622559, "train/examples/orig_truelabel_probs-2": 0.8464903235435486, "train/examples/orig_truelabel_probs-3": 0.8380634784698486, "train/examples/pp_truelabel_probs-0": 0.8285229206085205, "train/examples/pp_truelabel_probs-1": 0.924235999584198, "train/examples/pp_truelabel_probs-2": 0.9103139042854309, "train/examples/pp_truelabel_probs-3": 0.9180551767349243, "train/examples/vm_score-0": -0.1223558783531189, "train/examples/vm_score-1": -0.03158777952194214, "train/examples/vm_score-2": -0.06382358074188232, "train/examples/vm_score-3": -0.07999169826507568, "train/examples/reward-0": 0.3776441216468811, "train/examples/reward-1": 0.47894148031870526, "train/examples/reward-2": 0.4361764192581177, "train/examples/reward-3": 0.4520049810409546, "train/examples/pp_logp-0": -0.27989304065704346, "train/examples/pp_logp-1": -0.21425063908100128, "train/examples/pp_logp-2": -0.2424117922782898, "train/examples/pp_logp-3": -0.18285676836967468, "train/examples/loss-0": 0.10569996149400396, "train/examples/loss-1": 0.1026135182406834, "train/examples/loss-2": 0.10573430754188706, "train/examples/loss-3": 0.08265217012014503, "train/loss_batch": 0.09917498934917987, "train/reward_avg": 0.43619175056616466, "train/vm_score_avg": -0.07443973422050476, "train/rouge_score_avg": 0.8166666666666667, "train/pp_logp_avg": -0.2298530600965023, "epoch": 50, "test_orig": {"_type": "table-file", "path": "media/table/test_orig_9_88300c51d681f897affc.table.json", "sha256": "88300c51d681f897affc9717abde3327943142c3c358cf78c6f65ebfa9bfa50c", "size": 189, "artifact_path": "wandb-client-artifact://uyw5ul095sfj793dsjufwm4gdej2xvyz0qbwzyg58lcrkamt0g3dre25h61e875d49474tjc07iah2wj39lge6cugny27o0ahnaebeu1xyihkn3rdkqeovgz97pkcsfk:latest/test_orig.table.json", "_latest_artifact_path": "wandb-client-artifact://uyw5ul095sfj793dsjufwm4gdej2xvyz0qbwzyg58lcrkamt0g3dre25h61e875d49474tjc07iah2wj39lge6cugny27o0ahnaebeu1xyihkn3rdkqeovgz97pkcsfk:latest/test_orig.table.json", "ncols": 5, "nrows": 1}, "test_pp": {"_type": "table-file", "path": "media/table/test_pp_10_a2e51528d629efc62bae.table.json", "sha256": "a2e51528d629efc62bae93037f1f74840bd6635bb77bd98685ad00320fec08e5", "size": 190, "artifact_path": "wandb-client-artifact://9mobzj46sx87xohyt81yohjox3xgfow6vk7i0mjnpkpsgzzdnk7mmaofh17r7xkk13osk9rzup8ys9n7whddjovk94u6rc7p4l1wvs43bjdgxsoklsduqmzw84j5lbkr:latest/test_pp.table.json", "_latest_artifact_path": "wandb-client-artifact://9mobzj46sx87xohyt81yohjox3xgfow6vk7i0mjnpkpsgzzdnk7mmaofh17r7xkk13osk9rzup8ys9n7whddjovk94u6rc7p4l1wvs43bjdgxsoklsduqmzw84j5lbkr:latest/test_pp.table.json", "ncols": 5, "nrows": 1}, "test/examples/truelabel-0": 1, "test/examples/truelabel-1": 0, "test/examples/truelabel-2": 1, "test/examples/truelabel-3": 0, "test/examples/orig_truelabel_probs-0": 0.5648660063743591, "test/examples/orig_truelabel_probs-1": 0.8794540166854858, "test/examples/orig_truelabel_probs-2": 0.9026070833206177, "test/examples/orig_truelabel_probs-3": 0.8513302206993103, "test/examples/pp_truelabel_probs-0": 0.717802882194519, "test/examples/pp_truelabel_probs-1": 0.9232655763626099, "test/examples/pp_truelabel_probs-2": 0.9319706559181213, "test/examples/pp_truelabel_probs-3": 0.9217783808708191, "test/examples/vm_score-0": -0.1529368758201599, "test/examples/vm_score-1": -0.04381155967712402, "test/examples/vm_score-2": -0.029363572597503662, "test/examples/vm_score-3": -0.07044816017150879, "test/examples/reward-0": 0.3470631241798401, "test/examples/reward-1": 0.470792293548584, "test/examples/reward-2": 0.47063642740249634, "test/examples/reward-3": 0.4577311038970947, "test/examples/pp_logp-0": -0.47274497151374817, "test/examples/pp_logp-1": -0.20920568704605103, "test/examples/pp_logp-2": -1.0548144578933716, "test/examples/pp_logp-3": -0.2764124274253845, "test/examples/loss-0": 0.16407234675387095, "test/examples/loss-1": 0.09849242522781765, "test/examples/loss-2": 0.4964341080354373, "test/examples/loss-3": 0.12652256553629684, "test/loss_batch": 0.22138036138835568, "test/reward_avg": 0.4365557372570038, "test/vm_score_avg": -0.0741400420665741, "test/rouge_score_avg": 0.8166666666666667, "test/pp_logp_avg": -0.5032943859696388}